,item_id,MSE,abs_error,abs_target_sum,abs_target_mean,seasonal_error,MASE,MAPE,sMAPE,MSIS,QuantileLoss[0.1],Coverage[0.1],QuantileLoss[0.5],Coverage[0.5],QuantileLoss[0.9],Coverage[0.9],model,learningtime
0,00331X0051/F.SEP,18.749755859375,353.8367004394531,2437.6796875,26.211609543010752,0.07303083041311605,52.097116822140435,0.1435233905751218,0.15778428764753444,290.1398095957194,157.99388275146487,0.0,353.83677673339844,0.03225806451612903,117.86966857910156,0.5806451612903226,SimpleFeedForwardEstimator,0.14495062828063965
